city,lat,lon,temp,humidity,cloudiness,wind_speed
Albany,42.65,-73.75,62.1,75,90,3.36
Ust-Nera,64.57,143.24,17.93,85,76,2.15
Faanui,-16.48,-151.75,78.14,100,48,21.05
Cockburn Town,21.46,-71.14,82.19,100,76,9.98
Puerto Ayora,-0.74,-90.35,78.8,61,75,100.21
Yar-Sale,66.83,70.83,43.67,100,92,15.79
Victoria,5.28,115.24,78.8,94,75,1.12
Peterhead,-34.83,138.5,53.6,71,75,10.29
Lebu,8.96,38.73,55.64,60,0,7.07
Hobart,-42.88,147.33,37.4,86,20,4.7
Punta Arenas,-53.16,-70.91,49.03,57,75,27.51
Jamestown,-33.21,138.6,48.35,95,88,11.21
Mar del Plata,-46.43,-67.52,59.24,37,88,15.46
Yabelo,4.89,38.09,74.72,47,80,7.18
Barrow,-38.31,-60.23,63.47,35,0,13.44
Apac,1.98,32.53,68.15,100,44,2.93
Hermanus,-34.42,19.24,58.25,57,0,8.41
Torbay,47.66,-52.73,48.2,61,75,14.99
Paita,-5.09,-81.11,62.6,290,0,12.75
Port Elizabeth,39.31,-74.98,78.08,56,20,12.75
Thompson,55.74,-97.86,35.6,51,75,16.11
Ornskoldsvik,63.29,18.72,35.76,86,40,2.24
Rikitea,-23.12,-134.97,67.16,100,12,20.04
Agirish,61.92,63.02,43.67,91,36,7.07
Darlington,54.53,-1.55,58.35,76,75,8.05
Ushuaia,-54.81,-68.31,38.53,81,75,27.51
Hithadhoo,-0.6,73.08,82.91,100,80,24.29
Qaanaaq,77.48,-69.36,18.56,100,0,11.54
Busselton,-33.64,115.35,60.05,100,92,25.19
Kaitangata,-46.28,169.85,44.75,62,36,10.98
Airai,-8.93,125.41,61.67,86,0,1.7
Marevo,43.57,18.7,48.2,93,0,2.24
Mataura,-46.19,168.86,51.5,63,56,21.72
Lompoc,34.64,-120.46,64.45,77,75,18.34
Mount Gambier,-37.83,140.78,49.25,74,80,5.5
Ishim,56.11,69.47,46.37,67,36,13.22
Kapaa,22.08,-159.32,75.78,81,20,10.29
Yazman,36.74,38.46,69.59,32,0,8.63
Barcelos,41.53,-8.62,78.15,27,0,4.7
Poum,41.28,20.71,59,67,40,2.24
Petit Goave,18.43,-72.87,89.6,62,75,8.05
Shubarshi,48.59,57.19,49.52,73,48,2.04
Xixiang,22.58,113.87,77,65,0,2.24
Bonavista,48.65,-53.11,49.88,92,12,13.78
Caucaia,-3.73,-38.66,86,62,40,16.11
Sturgis,44.41,-103.51,52.66,70,90,21.92
Mehamn,71.03,27.85,37.4,98,75,19.46
Vila Franca do Campo,37.72,-25.43,71.6,78,20,9.17
Quelimane,-17.88,36.89,75.2,83,0,12.75
Mount Isa,-20.73,139.49,68,42,76,1.12
Kishangarh,26.59,74.86,73.82,64,32,2.82
Bredasdorp,-34.53,20.04,59,62,0,8.05
Cabo San Lucas,22.89,-109.91,87.03,70,20,4.7
Kasongo-Lunda,-6.48,16.82,73.55,85,36,2.37
Hilo,19.71,-155.08,62.26,63,1,6.93
Katsuura,33.93,134.5,65.72,94,92,6.96
Cumbum,15.58,79.11,72.83,91,12,2.71
NEDJO,9.5,35.5,59.69,93,0,2.59
Provideniya,64.42,-173.23,46.1,99,92,32.91
Honiara,-9.43,159.96,75.2,100,40,6.93
Fujin,47.24,132.03,39.62,80,0,3.6
Ngunguru,-35.62,174.5,59.96,95,88,11.77
Ilulissat,69.22,-51.1,28.4,50,75,3.36
Lexington,38.05,-84.5,82.81,61,40,8.05
Georgetown,6.8,-58.16,91.4,59,75,11.41
Banda Aceh,5.56,95.32,75.44,100,68,0.92
Dikson,73.51,80.55,38.72,100,92,23.62
Muros,42.77,-9.06,77,36,20,3.36
Cape Town,-33.93,18.42,60.8,72,0,14.99
Liusha,27.21,108.59,52.31,85,56,2.37
Cherskiy,68.75,161.3,32.87,97,92,6.17
Mildura,-34.18,142.16,57.89,70,56,19.04
Marsh Harbour,26.54,-77.06,82.28,100,68,16.02
Aksarka,66.56,67.8,40.88,95,88,13
Noyabrsk,63.2,75.45,45.02,97,92,15.46
Kralendijk,12.15,-68.27,87.8,70,75,13.87
Villefranche-de-Rouergue,44.35,2.04,60.8,59,0,11.41
Chulym,55.09,80.97,39.35,80,8,8.3
Te Anau,-45.41,167.72,45.74,79,36,16.69
Dandong,40.12,124.37,44.03,83,0,2.48
Challans,46.85,-1.88,64.4,59,0,4.7
Norman Wells,65.28,-126.83,24.8,85,90,3.36
East London,-33.02,27.91,55.4,71,20,4.7
Longyearbyen,78.22,15.63,32,100,75,6.93
Vardo,39.62,-77.74,80.85,60,20,5.82
Chara,39.42,22.43,66.2,93,20,3.36
Pevek,69.7,170.27,39.8,100,88,7.29
New Norfolk,-42.78,147.06,37.4,86,20,4.7
Bosaso,11.28,49.18,82.55,100,8,3.6
Karratha,-20.74,116.85,72.92,46,0,9.86
Iqaluit,63.75,-68.52,33.8,80,75,9.17
Namibe,-15.19,12.15,68.15,97,0,6.73
Constitucion,23.99,-104.67,66.2,63,5,0.92
Lorengau,-2.02,147.27,82.82,100,12,2.93
Jinxiang,35.07,116.31,51.14,76,0,2.71
Nome,30.04,-94.42,87.84,61,75,6.93
Tiarei,-17.53,-149.33,77,65,40,4.7
Bilibino,68.06,166.44,29.18,90,92,2.15
Komsomolskiy,67.55,63.78,38.27,97,92,11.99
Aykhal,65.95,111.51,30.35,91,92,9.64
Half Moon Bay,37.46,-122.43,68.85,77,90,5.82
Hofn,64.25,-15.21,42.8,75,90,14.99
Vaini,15.34,74.49,70.94,94,36,1.7
Salalah,17.01,54.1,80.6,78,0,2.24
Mushie,-3.02,16.92,83.09,67,56,3.71
Guna,24.65,77.32,82.01,56,88,2.71
Port Alfred,-33.59,26.89,62.39,88,92,7.74
Ostrovnoy,68.05,39.51,33.05,97,68,9.75
North Platte,41.12,-100.77,87.98,24,1,29.97
Leningradskiy,69.38,178.42,39.71,90,80,12.21
Karasjok,69.47,25.52,37.4,90,75,18.34
Loukhi,66.08,33.04,33.5,99,64,6.96
Hagi,34.43,131.51,56.09,81,88,4.72
Carnarvon,-30.97,22.13,51.77,29,0,14.12
Santa Isabel do Rio Negro,-0.41,-65.02,91.28,60,32,4.05
Sur,22.57,59.53,82.46,99,0,2.37
Marawi,8,124.29,63.47,99,24,1.7
Ostersund,63.18,14.64,35.6,100,75,2.24
Clyde River,70.47,-68.59,30.2,86,90,18.34
Arraial do Cabo,-22.97,-42.02,87.6,66,0,13.87
Butaritari,3.07,172.79,84.62,100,36,5.5
Kisaran,2.98,99.62,75.8,100,12,2.26
San Jeronimo,-13.65,-73.37,53.6,71,75,10.29
Yellowknife,62.45,-114.38,23,62,75,8.05
Virginia Beach,36.85,-75.98,85.41,55,40,8.05
Atuona,-9.8,-139.03,79.22,100,0,12.77
Ancud,-41.87,-73.83,51.23,77,44,5.73
Tiksi,71.64,128.87,17.21,100,56,3.04
Nikolskoye,59.7,30.79,48.2,76,75,6.71
Buchanan,5.88,-10.05,80.6,83,75,6.93
Kodiak,39.95,-94.76,86,57,1,28.86
Castro,-42.48,-73.76,50.06,81,76,5.95
Bilma,18.69,12.92,91.73,18,76,4.16
Wasilla,61.58,-149.44,46.33,85,90,3.15
Pires do Rio,-17.3,-48.28,84.53,63,56,5.06
San Isidro,16.74,121.63,69.59,89,8,1.92
Lavrentiya,65.58,-170.99,46.55,89,88,24.07
Caravelas,-17.73,-39.27,77.69,100,0,15.23
Kotri,25.36,68.31,79.58,60,0,11.21
San Ramon de la Nueva Oran,-23.13,-64.33,72.83,56,20,11.65
Pericos,25.08,-107.7,89.6,62,5,2.48
Axim,4.87,-2.24,78.95,96,12,10.87
Sontra,51.07,9.94,51.01,61,0,6.93
Saldanha,41.42,-6.55,70.31,40,0,4.16
Avarua,-21.21,-159.78,69.8,64,75,13.87
Great Yarmouth,52.61,1.73,59,72,75,5.82
Seydi,13.34,7.75,84.8,59,0,3.15
Snasa,64.25,12.38,37.4,100,40,2.24
Broken Hill,-31.97,141.45,56.45,97,92,17.69
Tyret Pervaya,53.67,102.31,33.5,88,92,12.77
Naantali,60.45,22.03,41,75,56,4.7
Bluff,-23.58,149.07,55.1,88,0,5.61
Cidreira,-30.17,-50.22,63.65,97,100,10.65
Lasem,-6.99,112.52,80.75,85,20,7.18
Narrabri,-30.33,149.78,63.02,58,92,3.38
Ponta do Sol,-20.63,-46,89.39,39,8,7.74
Sola,62.78,29.36,37.4,74,40,9.17
Sitka,37.17,-99.65,90.29,42,8,21.61
Narsaq,60.91,-46.05,41,32,75,6.93
Kununurra,-15.77,128.74,75.2,64,0,8.05
Hamilton,32.3,-64.78,80.6,69,40,17.22
Saint George,39.45,22.34,68,88,40,2.37
Pahrump,36.21,-115.98,77.77,36,1,14.99
Saskylakh,71.97,114.09,26.48,89,80,8.52
Codajas,-3.84,-62.06,87.86,78,20,4.61
Khatanga,71.98,102.47,30.17,92,88,12.77
Gondanglegi,-7.75,112.01,69.23,87,64,3.38
Noumea,-22.28,166.46,62.6,100,75,2.24
Tasiilaq,65.61,-37.64,32,100,20,1.12
Tamandare,-8.28,-70.75,89.75,60,76,2.59
Altagracia de Orituco,9.86,-66.38,94.52,47,24,10.98
Sassandra,4.95,-6.09,77.15,97,32,9.98
Shingu,33.72,135.99,72.74,100,100,10.65
Haputale,6.77,80.96,71.57,97,48,2.71
Quatre Cocos,-20.21,57.76,71.6,60,20,6.93
Changde,29.04,111.68,57.89,76,24,2.71
Pangnirtung,66.15,-65.72,28.4,58,90,4.7
Nombre de Dios,23.85,-104.24,66.2,63,5,0.92
Novyy Urengoy,66.08,76.63,40.7,94,92,14
Beloha,-25.17,45.06,68.33,82,0,8.63
Bogorodskoye,52.37,140.44,36.56,94,0,6.17
Selma,36.57,-119.61,69.71,83,90,5.82
Bria,6.54,21.99,68.42,94,0,2.93
Waipawa,-39.94,176.59,38.54,79,0,6.4
Touros,-5.2,-35.46,84.8,65,0,16.69
Nantucket,41.28,-70.1,62.2,96,90,8.05
Necochea,-38.55,-58.74,61.67,58,0,13.78
Tandil,-37.33,-59.14,63.11,49,0,14.9
Vao,59.1,26.19,44.3,97,88,3.38
Pouembout,-21.12,164.9,62.12,88,64,4.83
Tuatapere,-46.13,167.69,52.67,85,36,23.73
Arlit,18.74,7.39,92.45,23,88,2.82
Port Blair,11.67,92.75,86.6,96,68,5.73
Chuy,-33.69,-53.46,63.83,97,48,8.08
Luderitz,-26.65,15.16,70.13,57,0,8.97
Aranos,-24.14,19.11,75.08,18,0,13.56
Saint-Philippe,45.36,-73.48,52.18,96,90,4.16
Port Alberni,49.24,-124.81,46.4,75,90,5.82
Ambon,47.55,-2.56,64.4,68,0,3.36
Ratnagiri,16.98,73.3,83.45,98,12,12.55
Tuktoyaktuk,69.44,-133.03,21.2,92,90,13.87
Zhangye,38.94,100.46,39.26,56,0,9.08
Upernavik,72.79,-56.15,32.33,100,80,10.98
San Cristobal,-0.39,-78.55,64.4,52,75,13.87
Dwarka,28.58,77.04,84.2,66,40,5.82
Meulaboh,4.14,96.13,76.43,100,92,1.14
Grants,35.15,-107.85,65.48,72,90,4.7
Maryville,40.35,-94.87,86,57,1,28.86
Kavieng,-2.57,150.8,83.36,100,0,3.38
Itoman,26.12,127.67,75.27,88,75,17.22
Hobyo,5.35,48.53,77.06,89,0,13.44
Kanadey,53.17,47.53,53.21,96,92,8.3
Fortuna,38.18,-1.13,73.36,44,0,10.29
Ayan,40.67,33.6,49.7,79,0,1.59
Hede,60.45,15.49,41,93,75,5.82
Moa,20.66,-74.95,78.77,89,24,3.04
Porto Novo,-23.68,-45.44,91.4,43,40,8.05
Ponta Delgada,37.73,-25.67,71.6,78,20,9.17
Paragominas,-3,-47.35,94.43,52,44,6.96
Chokurdakh,70.62,147.9,29.9,95,80,12.66
Wembley,51.55,-0.3,59.76,72,0,1.12
Saint Anthony,43.97,-111.68,60.93,44,1,16.11
Bitung,1.44,125.19,77,83,20,2.24
Galbshtadt,53.23,78.98,38.45,83,8,7.52
Marsabit,2.34,37.99,75.98,61,8,6.62
Fatezh,52.09,35.86,50,81,75,13.42
Kostomuksha,64.59,30.6,31.61,93,76,5.73
Cravo Norte,6.3,-70.2,94.25,66,0,4.61
Liwale,-9.8,37.92,76.25,57,32,5.28
Japura,-0.42,102.29,74,97,12,2.26
Barreirinhas,-2.75,-42.83,93.44,48,0,13.44
Garden City,40.73,-73.63,73.92,63,40,8.05
Kuytun,54.34,101.51,34.22,68,44,6.4
Acworth,34.07,-84.68,84.25,35,1,3.38
Kaeo,-35.1,173.78,51.59,87,92,4.94
Sioux Lookout,50.1,-91.92,48.2,93,90,3.36
Aloleng,16.13,119.78,78.32,99,0,8.41
Nanortalik,60.14,-45.24,37.1,96,0,21.83
Geraldton,49.72,-86.95,50,93,90,12.75
Talnakh,69.49,88.39,28.55,97,80,7.74
Verkh-Usugli,52.7,115.17,37.46,81,0,2.26
North Myrtle Beach,33.83,-78.68,84.04,63,1,9.17
Sorland,67.67,12.69,41.83,60,75,18.34
Campoverde,41.54,12.73,69.19,64,0,4.7
Sao Jose da Coroa Grande,-8.9,-35.15,79.4,78,92,11.65
Nkayi,-4.18,13.29,76.79,87,64,3.15
Saint-Pierre,48.95,4.24,56.21,71,0,3.36
Kochevo,42.1,24.92,66.2,82,80,1.36
Havoysund,71,24.66,36.48,100,75,19.46
Pavlohrad,48.53,35.87,48.2,81,0,4.47
Daru,7.99,-10.85,79.4,89,92,3.27
Wakkanai,45.41,141.67,61.58,100,0,20.71
Khandyga,62.65,135.58,33.14,97,92,4.94
Port Lincoln,-34.72,135.86,52.85,99,76,13.67
Isangel,-19.55,169.27,72.38,100,0,13.78
Capao Bonito,-24.01,-48.35,81.47,75,20,8.63
Kijang,35.24,129.21,57.2,76,0,4.7
Codrington,-28.95,153.24,53.03,95,0,4.27
Myitkyina,25.38,97.4,71.93,98,92,2.71
Libertador General San Martin,-23.81,-64.79,75.2,41,0,8.05
Bundaberg,-24.87,152.35,67.43,100,0,7.29
Ribeira Grande,38.52,-28.7,75.2,69,20,2.24
Hirara,24.8,125.28,78.32,100,92,33.02
Luanda,-8.83,13.24,75.2,83,20,6.93
Genhe,50.78,121.52,35.66,71,0,5.95
Nouakchott,18.08,-15.98,81.56,92,20,11.77
Deputatskiy,69.3,139.9,20.81,87,24,5.39
Mandalgovi,45.76,106.27,42.05,52,0,12.55
Buhe,30.29,112.23,56.9,87,0,3.27
Bathsheba,13.22,-59.52,86,70,40,13.87
Kommunar,59.62,30.39,48.2,76,75,6.71
Fairbanks,64.84,-147.72,32,18,20,4.7
Leh,34.16,77.58,6.77,80,20,1.36
Jining,35.41,116.58,51.23,70,0,2.93
Takapau,-40.02,176.35,38.54,79,0,6.4
Beaverlodge,55.21,-119.43,33.8,55,75,4.7
Beringovskiy,63.05,179.32,46.55,97,92,18.92
Bartica,6.41,-58.62,91.4,59,75,11.41
Chapais,49.78,-74.86,50,61,90,6.93
Jacareacanga,-6.22,-57.76,78.8,88,75,2.24
San Policarpo,12.18,125.51,76.43,100,32,3.71
Abu Dhabi,24.47,54.37,89.6,66,0,8.05
Severo-Kurilsk,50.68,156.12,48.08,99,64,11.32
Jieshou,33.26,115.35,51.32,73,0,2.71
Dombarovskiy,50.76,59.54,41.15,62,20,5.61
Oskemen,49.96,82.61,33.8,91,20,2.26
Kudahuvadhoo,2.67,72.89,81.38,100,80,21.39
Northam,51.04,-4.21,60.17,82,20,4.7
General Roca,-39.03,-67.58,60.8,25,0,4.7
Dingle,11,122.67,75.62,94,64,3.6
Coquimbo,-29.95,-71.34,68,49,0,13.87
Poronaysk,49.22,143.1,42.59,94,32,5.73
Namagiripettai,11.46,78.27,72.92,97,56,1.36
Sao Filipe,14.9,-24.5,81.65,87,32,14.23
Tornio,61.12,27.27,39.79,93,75,9.17
Havre,48.55,-109.68,35.06,15,40,14.99
Anadyr,64.73,177.51,46.4,81,40,17.9
Morant Bay,17.88,-76.41,87.8,66,20,20.8
Warmbad,50.67,13.08,51.24,57,0,10.29
Blessington,53.17,-6.53,58.28,87,75,5.82
Batsfjord,70.63,29.72,34.07,100,40,20.8
The Valley,18.22,-63.06,86.09,62,40,8.05
Vestmannaeyjar,63.44,-20.27,42.8,87,75,28.86
Gat,14.69,-16.54,86.6,75,0,3.71
Shypyntsi,48.39,25.74,51.8,53,0,13.67
Hualmay,-11.1,-77.61,72.02,66,0,5.06
Rantepao,-2.97,119.9,66.17,98,80,1.7
Dicabisagan,17.08,122.42,70.85,100,0,6.62
Dunedin,-45.87,170.5,44.03,72,100,11.65
Rio Grande,-32.03,-52.1,68,42,0,10.29
Cayenne,4.94,-52.33,89.6,62,0,17.22
Bethel,60.79,-161.76,48.92,74,90,14.99
Jishou,28.26,109.7,61.22,71,64,3.27
Morlaix,48.58,-3.83,55.76,100,90,4.7
Ishigaki,24.34,124.16,78.41,100,92,36.48
Waddan,29.16,16.14,75.26,53,64,7.07
Comodoro Rivadavia,-45.87,-67.48,60.8,66,75,11.41
Rovnoye,50.78,46.06,57.53,92,0,9.42
Egvekinot,66.32,-179.17,42.77,98,92,7.85
Semey,50.41,80.25,34.85,83,0,3.49
Pisco,-13.71,-76.2,71.6,30,0,8.05
Kupino,54.36,77.31,42.14,100,0,9.31
Wamba,2.14,27.99,70.58,91,36,2.71
Kurilsk,45.23,147.88,54.29,91,0,15.23
Skjervoy,70.03,20.97,37.4,86,75,19.46
Grand Gaube,-20.01,57.66,71.6,60,20,6.93
Tabou,4.42,-7.36,78.32,100,76,9.53
Biak,-0.91,122.88,76.43,96,92,5.06
Coahuayana,18.62,-100.35,78.23,76,0,3.04
Labuhan,-2.54,115.51,69.23,95,32,1.81
Jackson,35.61,-88.82,85.06,61,20,11.41
Saint-Leu-la-Foret,49.02,2.25,59.45,63,90,4.7
Limbang,4.75,115.01,78.8,94,75,5.82
Suchiate,14.55,-92.22,87.8,70,75,3.36
Jizan,16.89,42.56,80.6,78,40,14.99
Oistins,13.07,-59.53,86,70,40,13.87
Tautira,-17.73,-149.15,77,65,40,4.7
Wad Rawah,15.16,33.13,80.93,41,0,5.39
Isla Vista,34.41,-119.86,66.56,77,75,18.34
Truro,50.26,-5.05,53.6,100,90,6.93
Dukhovnitskoye,52.48,48.21,60.5,79,92,7.29
Acajutla,13.59,-89.83,86,74,75,6.93
Taltal,-25.41,-70.49,67.43,72,56,2.93
Moose Factory,51.26,-80.61,50,76,90,12.75
Ballina,54.11,-9.15,53.6,100,90,8.05
Rauma,61.13,21.5,33.8,93,64,2.24
Zelenoborsk,61.47,64.05,45.38,84,44,8.41
Lafia,8.5,8.51,77.78,92,68,2.59
Sorong,-0.86,131.25,80.12,100,64,5.5
Portland,45.52,-122.67,54.86,64,75,6.93
Alice Springs,-23.7,133.88,64.4,63,0,6.93
Altay,47.83,88.13,18.92,67,8,2.37
Port Macquarie,-31.43,152.91,55.4,93,20,8.63
Kieta,-6.22,155.63,77.15,100,76,2.37
Dahod,22.84,74.26,75.08,79,8,2.82
Makakilo City,21.35,-158.09,75.49,93,1,3.36
Vrangel,42.73,133.08,60.68,100,0,5.39
Santa Cruz del Sur,20.71,-78,85.7,81,92,11.32
Nyurba,63.29,118.35,35.48,64,20,6.96
Kahului,20.89,-156.47,71.26,84,20,3.36
Muzhi,65.4,64.7,38,90,12,11.21
Baherden,38.44,57.43,65,75,44,3.6
Sacramento,38.58,-121.49,69.87,64,75,4.7
Kitakata,37.67,139.86,49.07,92,36,1.81
La Cruz,23.92,-106.89,91.1,62,0,3.27
Snezhnogorsk,69.19,33.23,35.6,74,75,4.47
Aguining,10.09,124.59,75.53,100,64,2.59
Nishihara,35.74,139.53,68.47,84,90,4.7
Svetlogorsk,53.14,59.15,44.6,52,32,6.71
Sakaiminato,35.55,133.23,59,87,40,2.24
Yeppoon,-23.13,150.74,57.2,87,40,3.94
Xining,36.62,101.77,28.55,90,0,3.38
Vangaindrano,-23.35,47.6,66.53,88,0,5.17
Sabang,13.72,123.58,76.07,98,20,3.6
Kondinskoye,59.65,67.41,49.79,67,56,7.85
Lazy,48.71,24.14,46.4,75,75,4.47
Port-Gentil,-0.72,8.78,80.6,78,20,8.05
Ous,60.91,61.52,43.22,91,8,6.51
Oranjemund,-28.55,16.43,62.3,78,0,27.76
Krasnyy,53.81,40.7,52.67,97,92,16.46
Macenta,8.55,-9.47,76.61,85,88,2.04
Wichian Buri,15.66,101.11,76.61,75,0,8.52
Aleppo,36.2,37.17,69.95,36,24,6.4
Tocopilla,-22.09,-70.2,61.67,100,64,4.38
Pathein,16.78,94.73,74.63,99,80,2.71
Orbetello,42.44,11.21,66.2,59,0,9.17
Xiaoshi,30.59,116.63,52.13,67,0,4.94
Richards Bay,-28.77,32.06,58.97,100,92,17.13
Lipin Bor,60.26,37.97,45.56,100,92,5.84
Lasa,34.92,32.53,75.4,69,0,5.82
Tarrafal,15.28,-23.77,86,66,0,17.22
Safakulevo,54.99,62.54,48.98,53,8,11.99
Olean,42.08,-78.43,60.46,93,90,6.93
Morondava,-20.3,44.28,75.98,79,0,7.85
Freeport,26.54,-78.7,89.6,52,40,16.11
Corrales,5.83,-72.84,58.88,79,80,2.37
Chumikan,54.72,135.31,46.46,69,0,11.21
Mapiripan,2.89,-72.13,88.58,62,44,5.17
Palia Kalan,28.45,80.58,70.58,83,0,2.93
Pokhara,28.21,83.99,58.52,68,64,2.93
Aguimes,27.91,-15.45,75.2,78,20,19.46
Berlevag,70.86,29.09,35.62,100,40,20.8
Mitsamiouli,-11.38,43.28,75.2,78,20,4.7
Tingo Maria,-9.29,-76.01,86,55,40,8.05
Ambositra,-20.53,47.24,54.38,93,0,2.26
Kysyl-Syr,63.9,122.77,35.57,86,76,6.73
Montrose,-37.81,145.34,51.8,57,75,12.75
Omboue,-1.57,9.26,78.23,100,20,6.96
San Patricio,-26.98,-56.83,69.95,88,68,5.39
Olinda,-2.03,-79.75,80.6,61,75,6.93
Puerto Escondido,15.86,-97.07,86,70,90,9.17
Kulhudhuffushi,6.62,73.07,77.6,100,92,11.99
Juazeiro,-9.43,-40.51,91.4,31,0,9.17
Lamar,38.09,-102.62,87.98,25,1,16.11
Tiznit,29.7,-9.73,73.28,82,36,6.17
Popondetta,-8.77,148.24,68.42,95,76,1.36
Inuvik,68.36,-133.71,20.28,92,90,3.36
Rio Cuarto,-33.13,-64.35,69.8,35,0,6.93
Panzhihua,26.59,101.72,54.02,99,92,2.48
Padang,-0.92,100.36,81.47,100,48,3.71
Motala,58.54,15.04,42.73,81,0,5.82
Cap Malheureux,-19.98,57.61,71.6,60,20,6.93
San Ignacio,-36.8,-72.03,62.6,48,0,13.87
Marystown,47.17,-55.16,50.78,82,76,15.79
Faranah,10.04,-10.74,83.81,72,44,5.5
Garowe,8.41,48.48,69.86,91,0,4.5
Kavaratti,10.57,72.64,83.81,100,24,7.18
Hit,33.64,42.83,82.28,26,44,4.16
Maldonado,-34.91,-54.96,64.4,45,20,12.75
Ampanihy,-24.69,44.75,68.15,62,0,8.63
Teahupoo,-17.83,-149.27,77,65,40,4.7
Darnah,32.77,22.64,81.47,85,36,12.33
Ovalle,-30.6,-71.2,72.92,74,24,4.5
Handia,25.36,82.19,73.19,84,36,2.48
Luau,-10.7,22.23,74.54,57,48,1.7
Hay River,60.82,-115.79,28.4,74,75,3.36
Umm Kaddadah,13.6,26.69,88.22,31,64,6.29
Uvat,59.14,68.9,50.15,66,76,9.19
Zhigansk,66.77,123.37,34.22,100,92,3.15
Brae,60.4,-1.35,45.61,87,92,8.05
Awjilah,29.14,21.3,87.32,21,64,7.96
Pyinmana,19.74,96.21,73.64,98,20,2.26
Bassano,50.79,-112.47,31.43,95,0,7.96
Huoqiu,32.34,116.27,55.28,86,0,2.71
Tabuk,17.41,121.44,59.78,91,8,2.15
Cabinda,-5.56,12.19,77.06,98,80,10.76
Naze,5.43,7.07,78.8,83,75,5.82
Arona,45.76,8.56,61.54,67,0,2.24
Zaigrayevo,51.83,108.27,42.8,73,75,13.42
Mahebourg,-20.41,57.7,71.6,60,20,6.93
Gigmoto,13.78,124.39,78.23,100,12,4.72
Jiblah,13.92,44.15,55.73,77,0,1.92
Karpogory,64,44.44,40.16,93,44,4.94
Lenine,45.3,35.78,64.28,100,0,21.05
Gizo,31.8,34.94,80.6,69,0,3.36
Laguna,27.52,-110.01,86,58,5,2.59
Dong Hoi,17.48,106.6,80.75,100,88,12.77
Hukuntsi,-23.98,21.76,73.28,12,0,9.75
Celestun,20.87,-90.4,84.71,95,8,13
Notre-Dame-du-Lac,47.61,-68.8,55.4,66,90,5.82
Orebro,59.27,15.21,44.6,75,0,6.93
Berdigestyakh,62.1,126.7,34.4,89,88,5.06
Lagos,6.46,3.39,82.4,83,75,8.05
Vila Velha,-3.71,-38.6,86,62,40,16.11
Severnoye,54.09,52.54,55.19,48,44,11.77
Nemuro,43.32,145.57,58.07,100,0,15.35
Gerardmer,48.07,6.88,55.4,87,90,1.12
Svetlaya,46.54,138.33,53.03,100,0,11.32
Los Llanos de Aridane,28.66,-17.92,75.2,78,75,9.17
Groningen,53.22,6.57,51.91,81,20,4.7
Ateptsevo,55.32,36.75,46.4,81,90,8.95
Srivardhan,18.03,73.02,78.77,93,12,5.5
Nanakuli,21.39,-158.15,75.51,97,75,11.99
Ust-Omchug,61.13,149.63,14.87,84,64,2.59
Rocky Mountain House,52.38,-114.92,34.13,58,0,3.6
Tual,-5.67,132.75,78.95,100,88,11.21
Nenjiang,49.17,125.23,46.1,73,0,10.76
Shenjiamen,29.96,122.3,72.92,88,0,20.71
Pavlovo,55.97,43.07,51.8,87,75,6.71
Gaziantep,37.06,37.38,75.83,34,0,2.24
Kitgum,3.3,32.88,67.7,94,76,3.15
Taseyevo,57.22,94.9,38,83,48,4.72
Bambous Virieux,-20.34,57.76,71.6,60,20,6.93
Kalabo,-15,22.67,77.51,19,0,7.96
Budogoshch,59.29,32.45,44.84,100,92,4.27
Pangody,65.85,74.49,40.43,95,92,14
Soller,50.73,6.56,52.38,76,20,1.12
Faya,18.39,42.45,71.73,77,40,4.7
Basco,40.33,-91.2,84.65,66,40,19.46
Krasnovishersk,60.4,57.08,45.38,97,92,9.75
Melita,49.27,-100.98,33.77,99,92,14
San Quintin,17.54,120.52,73.4,83,20,2.24
Alcala de Henares,40.48,-3.36,74.84,22,0,3.36
Zomin,39.96,68.4,55.1,75,0,4.16
Gryfice,53.91,15.2,48.2,70,40,8.05
Mynay,48.59,22.28,46.4,93,24,2.24
Jiuquan,39.73,98.49,33.5,45,0,7.29
Mackay,53.65,-115.58,33.8,55,20,6.93
Iquitos,-3.75,-73.25,80.6,83,75,5.82
Harper,30.3,-99.24,81.95,55,75,10.29
Souillac,45.6,-0.6,62.44,59,0,5.82
Pierre,44.37,-100.35,60.08,77,90,36.91
Salem,44.94,-123.03,56.19,61,1,4.7
Kazuno,40.2,140.83,40.52,84,0,1.92
Lata,30.78,78.62,46.37,86,48,2.26
Goderich,43.74,-81.71,58.88,92,88,12.55
Flinders,-34.58,150.85,57.2,100,90,10.29
Chalons-en-Champagne,48.95,4.37,56.25,71,0,3.36
Yantal,56.85,105.25,30.53,76,8,4.05
Sarankhola,22.31,89.79,82.82,80,68,5.95
Guerrero Negro,27.97,-114.04,73.37,100,0,5.39
Helong,25.94,116.13,53.03,80,0,2.26
Teya,21.05,-89.07,87.8,62,75,12.75
Marion,38.35,-97.02,82.94,63,1,26.4
Paamiut,61.99,-49.67,37.1,100,44,10.09
Riyadh,24.63,46.72,86,26,0,3.36
Aqtobe,50.28,57.21,46.4,52,0,2.24
Malbork,54.04,19.03,44.6,87,20,10.29
Roald,62.58,6.12,42.75,75,40,11.41
Port-Cartier,50.03,-66.88,44.6,93,90,13.87
Aktau,43.65,51.16,64.4,68,0,6.71
Solnechnyy,50.72,136.64,42.59,54,0,7.07
Emerald,-23.53,148.16,57.17,85,0,7.4
Iisalmi,63.56,27.19,35.6,80,0,8.05
Flin Flon,54.77,-101.88,35.6,51,75,9.17
Progreso,-34.68,-56.22,68,40,20,11.41
Baykit,61.68,96.39,28.1,84,12,6.17
Road Town,18.42,-64.62,87.39,62,20,5.82
Concordia,-31.4,-58.02,69.8,49,0,10.29
Emba,34.81,32.42,75.45,69,0,5.82
Lensk,60.71,114.91,37.55,66,48,6.62
Buala,-8.15,159.59,73.73,100,92,3.38
Weligama,5.97,80.42,78.5,99,88,7.07
Ternate,14.29,120.72,75.2,100,75,6.06
Husavik,50.56,-96.99,38,100,92,16.02
Kaka,37.35,59.62,53.3,88,8,2.26
Lewistown,40.39,-90.15,85.28,59,40,16.11
San Rafael del Sur,11.85,-86.44,87.8,62,40,6.93
Buribay,51.96,58.16,38.54,69,20,4.83
Shahr-e Babak,30.12,55.12,56.45,42,0,3.15
Sunndalsora,62.68,8.55,41.92,93,75,10.29
Wajir,1.75,40.07,86.6,38,88,8.97
Luwuk,-0.95,122.79,76.43,96,92,5.06
Seybaplaya,19.65,-90.67,86,74,40,6.93
La Palma,5.36,-74.39,77.78,80,36,0.81
Kibala,9.11,18.35,75.2,88,40,8.41
Hernani,43.27,-1.98,61.99,82,40,4.7
Waitati,-45.75,170.57,44.03,72,100,11.65
Halmstad,56.67,12.86,48.16,66,20,17.22
Calvinia,-31.47,19.78,61.76,18,0,10.65
Winnemucca,40.97,-117.74,66.92,41,90,11.41
Henties Bay,-22.12,14.28,64.82,76,0,2.26
Pochutla,15.74,-96.47,86.68,62,75,11.41
Novobirilyussy,56.95,90.69,39.62,96,88,6.17
Mahon,51.89,-8.4,55.4,100,75,8.05
San Luis,-33.3,-66.34,72.65,25,0,6.4
Klyuchevskiy,53.53,119.45,35.21,80,0,2.26
Jalu,29.03,21.55,88.13,19,92,5.95
San Jose,15.79,120.99,69.23,99,12,1.36
Escarcega,18.61,-90.75,84.98,77,36,2.93
